customer_id,age,gender,city,registration_date
1,68,Female,Lake Julia,2023-01-20
2,29,Female,New Rebeccatown,2022-04-19
3,67,Male,Port Davidburgh,2022-06-03
4,24,Male,West Rodneytown,2024-09-24
5,40,Female,Marktown,2020-06-17
6,35,Female,West Andrea,2023-07-13
7,38,Male,Grayview,2022-05-06
8,42,Female,North Jon,2024-08-14
9,27,Female,New Alyssaview,2022-07-03
10,52,Male,Savageberg,2024-03-12
11,59,Male,South Stacyland,2020-08-27
12,37,Male,Lake Joan,2020-07-19
13,63,Male,Leonardfort,2020-07-06
14,43,Female,Palmerburgh,2024-08-15
15,68,Female,Lake Jessicamouth,2023-05-03
16,56,Male,Alyssashire,2024-05-29
17,23,Male,Tanyahaven,2023-12-21
18,38,Male,East Susanmouth,2023-01-31
19,70,Male,Garychester,2020-06-17
20,37,Male,Stephenberg,2024-08-22
21,40,Female,Torresburgh,2022-11-18
22,33,Female,Ashleymouth,2020-09-05
23,39,Female,Charlesport,2021-07-04
24,34,Male,Martinville,2021-03-06
25,35,Female,Johnbury,2021-12-24
26,57,Female,Port Jessicaland,2024-09-12
27,56,Female,Lake Bailey,2022-10-20
28,64,Female,New Christina,2022-07-07
29,23,Male,Christinabury,2024-01-19
30,66,Female,West David,2021-10-26
31,59,Male,Juliastad,2024-08-14
32,30,Female,Flemingmouth,2024-04-22
33,56,Female,Lake Danielville,2021-12-28
34,46,Female,Sharonburgh,2022-11-09
35,26,Female,Lake Steven,2022-01-05
36,68,Female,Bellbury,2020-04-13
37,18,Female,Williammouth,2020-03-12
38,19,Female,New Shannonborough,2024-07-29
39,58,Female,New Bob,2023-05-16
40,22,Male,South Diane,2022-08-05
41,62,Female,Port Edward,2021-03-29
42,65,Female,Lake Jamesside,2020-06-01
43,68,Female,Lake Loriview,2021-07-02
44,54,Male,Kellyhaven,2024-10-30
45,25,Male,West Kathrynborough,2024-06-24
46,40,Female,New Kimberlyshire,2022-12-09
47,51,Female,Ronaldberg,2021-11-23
48,65,Female,Port Katie,2021-07-21
49,25,Female,Mullinsborough,2020-09-09
50,45,Female,Cardenashaven,2020-02-04
51,45,Male,Watsontown,2022-06-26
52,49,Male,North Rosefort,2024-04-17
53,25,Male,East Sarah,2021-12-14
54,55,Female,Katrinamouth,2024-01-21
55,50,Female,Port Christinamouth,2021-07-27
56,44,Female,Maryside,2020-07-31
57,65,Male,Simpsonburgh,2021-09-20
58,48,Female,Doughertymouth,2022-02-28
59,52,Male,East Kimfurt,2021-05-09
60,29,Female,South Christopherstad,2021-03-06
61,66,Female,Tommyview,2024-04-26
62,39,Male,Rodriguezfurt,2021-09-22
63,41,Female,New Rachelberg,2024-03-15
64,25,Male,Melissachester,2022-09-05
65,21,Female,North Danielle,2022-10-08
66,70,Female,East Jasontown,2024-10-19
67,36,Female,Lake Ariana,2022-03-26
68,27,Male,Jacquelineville,2023-05-29
69,52,Female,South Laura,2024-01-20
70,69,Female,Derekland,2022-05-20
71,51,Male,Lake Frank,2022-09-30
72,70,Male,Sanchezstad,2024-08-19
73,25,Male,Port Seanmouth,2020-12-02
74,61,Male,Brianmouth,2023-09-28
75,63,Female,Lauramouth,2023-01-15
76,60,Female,West Jesse,2020-12-26
77,67,Female,Davidton,2020-04-02
78,25,Female,Lake Pamelamouth,2024-06-10
79,28,Male,East Theodoreville,2024-03-31
80,67,Female,Jasonborough,2024-03-23
81,54,Female,North Chad,2021-09-07
82,50,Male,West Kathryn,2020-11-06
83,35,Male,North Matthew,2021-08-22
84,68,Male,West David,2020-07-21
85,45,Female,South Angelahaven,2020-11-24
86,40,Male,West Gregory,2021-01-29
87,43,Female,Ericamouth,2021-12-10
88,44,Female,Millerberg,2024-04-26
89,65,Male,East Kevinton,2023-03-06
90,30,Male,Bellmouth,2024-06-27
91,62,Female,Holmesland,2020-01-04
92,33,Female,Mcphersonmouth,2024-03-23
93,38,Male,West Robertbury,2022-08-23
94,45,Male,East Corey,2023-06-12
95,18,Male,Juanfurt,2021-07-18
96,43,Male,Bradleystad,2024-10-25
97,41,Male,North Timothy,2024-08-03
98,28,Female,Lake Danielchester,2023-08-24
99,37,Female,Millerberg,2021-11-24
100,27,Female,Wrightland,2020-02-25
101,57,Male,Roberttown,2024-07-20
102,38,Male,East Christopher,2021-01-25
103,52,Female,Maryton,2024-03-22
104,57,Male,Moranfurt,2020-07-05
105,20,Male,Timothyton,2022-01-31
106,61,Male,West Stevenview,2022-01-08
107,26,Male,Alexiston,2021-04-27
108,20,Female,Smithshire,2024-05-09
109,61,Female,North Jason,2022-05-27
110,49,Female,North Seth,2022-09-03
111,66,Male,South Andres,2021-07-04
112,48,Female,Phillipshire,2020-05-13
113,52,Male,Port Erikaview,2023-07-21
114,41,Male,North William,2023-08-21
115,46,Male,West Jenniferburgh,2021-11-10
116,50,Male,Port Lucasshire,2023-12-26
117,54,Male,Kellytown,2021-12-15
118,40,Male,New Brendaland,2023-02-07
119,27,Female,Kimhaven,2022-08-28
120,67,Male,Port Jaredborough,2023-01-10
121,33,Male,Jennifershire,2022-02-05
122,32,Female,Stouthaven,2020-07-21
123,31,Male,North Lindsay,2023-06-13
124,60,Male,East Christopherstad,2023-04-02
125,18,Male,Hendrixborough,2024-06-29
126,67,Female,East Brooke,2024-01-07
127,64,Female,Robbinsberg,2024-10-01
128,33,Female,Michaelport,2024-07-12
129,67,Male,East Stephenport,2020-02-06
130,68,Female,Donnaside,2023-03-01
131,47,Female,Marisastad,2020-06-08
132,38,Female,West Kimberly,2024-06-07
133,54,Female,New Meghan,2024-04-08
134,31,Female,New Steven,2023-05-17
135,61,Male,Alexanderstad,2023-04-03
136,33,Female,Stephaniefort,2021-09-17
137,59,Female,North Josephberg,2024-05-21
138,55,Female,West Rebecca,2024-09-30
139,65,Female,Lake Anthony,2021-06-27
140,70,Male,New Jeremiahborough,2020-01-04
141,52,Male,East Gloriafurt,2024-01-22
142,51,Male,North Jenniferview,2022-09-17
143,56,Male,Robertstad,2020-11-09
144,25,Female,East Mary,2021-01-13
145,44,Female,Adamshaven,2020-08-26
146,33,Female,East Harryburgh,2024-03-26
147,64,Female,Davidborough,2022-03-20
148,64,Female,New Joannbury,2022-03-17
149,57,Male,New Elizabeth,2020-07-15
150,40,Female,New Michelle,2023-03-06
151,21,Male,North Bradleystad,2020-07-03
152,42,Male,Port Mitchell,2020-11-03
153,57,Male,Vanceland,2023-08-05
154,37,Female,New Shawnbury,2021-04-26
155,30,Female,Joetown,2022-11-14
156,40,Male,Donaldtown,2020-08-02
157,29,Male,Cynthialand,2021-03-18
158,65,Male,Charlottestad,2022-05-25
159,38,Male,East Monica,2020-03-26
160,64,Male,South Mitchellland,2023-09-28
161,64,Male,Justinfurt,2020-08-03
162,40,Male,North Madelineshire,2020-08-07
163,61,Female,Brittanybury,2022-04-25
164,25,Female,Lake Eric,2024-02-27
165,70,Female,East Patrick,2023-01-23
166,33,Male,Onealland,2022-04-19
167,45,Female,New Toddborough,2021-08-28
168,25,Female,Hernandezborough,2024-01-02
169,68,Male,East Joshuaberg,2024-09-06
170,53,Male,South Jason,2020-08-22
171,33,Male,South Haroldfurt,2024-07-02
172,52,Female,Andersonton,2022-04-17
173,53,Male,Port Angelabury,2023-08-28
174,65,Female,Powersberg,2023-04-17
175,69,Female,Allenton,2020-12-12
176,49,Female,Lake Brookeview,2020-06-30
177,56,Male,Gomezmouth,2021-07-01
178,64,Female,Summersberg,2020-02-17
179,40,Female,Port Robert,2020-10-20
180,68,Male,West David,2021-09-28
181,48,Male,East Richard,2021-01-08
182,32,Male,South Christopherview,2023-07-04
183,64,Female,Montgomerytown,2023-04-19
184,42,Male,East Tony,2021-09-19
185,26,Male,West Michaelchester,2021-10-03
186,36,Female,Schmidtbury,2020-12-05
187,27,Male,Rebeccaburgh,2023-02-03
188,44,Female,Lake Antoniohaven,2022-03-13
189,22,Male,North Jeffreystad,2022-10-20
190,32,Female,Thompsonmouth,2024-05-01
191,38,Female,Powersborough,2023-07-02
192,48,Female,Port Kristin,2023-01-28
193,57,Male,Hannahton,2023-09-04
194,67,Female,Justinchester,2023-11-06
195,68,Male,Andreafurt,2022-05-16
196,43,Female,Ryanburgh,2022-12-22
197,29,Female,South Savannah,2023-06-20
198,49,Male,Elizabethstad,2023-11-14
199,67,Male,Andersonberg,2022-12-27
200,67,Female,Sheribury,2021-05-01
201,34,Male,West Charles,2020-01-26
202,49,Female,New Jeffrey,2022-06-11
203,56,Male,South Troy,2024-02-14
204,43,Male,New Wendymouth,2023-01-23
205,41,Male,Lake Paul,2020-07-27
206,24,Male,Lake Johnstad,2021-11-13
207,33,Male,Port Tommybury,2024-07-10
208,37,Male,New Michael,2022-12-27
209,33,Female,Jenniferchester,2022-12-14
210,70,Female,North Amandaburgh,2021-05-19
211,18,Male,Port Kristen,2020-11-25
212,42,Male,Davidmouth,2024-02-08
213,52,Female,East Kurt,2023-07-30
214,50,Female,Petersonshire,2020-07-15
215,55,Male,Juareztown,2020-05-10
216,30,Female,Coxview,2022-02-17
217,53,Female,Huffmanland,2023-07-03
218,56,Male,Lopezchester,2021-06-05
219,43,Male,Sullivanburgh,2020-02-25
220,53,Female,East Amy,2022-02-05
221,41,Female,Port Sara,2020-06-01
222,39,Female,South Susan,2020-05-13
223,60,Male,Donnaberg,2023-04-05
224,35,Male,West Christinastad,2021-06-05
225,40,Female,Franklinfort,2020-04-25
226,50,Male,Jameston,2022-08-28
227,40,Male,Port Aimeeborough,2023-07-26
228,44,Male,Brianview,2022-12-03
229,24,Female,Herringport,2024-10-11
230,21,Male,Rickyburgh,2020-04-03
231,68,Male,Johnborough,2020-06-01
232,22,Female,South Scottmouth,2022-11-13
233,70,Male,East Erica,2020-12-19
234,62,Male,North Cheryl,2023-03-11
235,59,Male,Patrickfort,2023-03-25
236,69,Female,South Jacqueline,2024-04-10
237,43,Female,West Amandamouth,2022-04-17
238,70,Female,Petersonview,2022-09-23
239,24,Female,South Matthew,2022-08-05
240,40,Female,Port Jenniferville,2021-10-24
241,70,Male,Garciabury,2023-11-26
242,60,Male,New Brandon,2022-12-20
243,34,Female,Port James,2020-04-16
244,54,Female,Boydview,2024-06-02
245,59,Male,North Debra,2024-01-31
246,43,Female,Dunlaptown,2024-06-27
247,30,Male,North Briannafurt,2023-03-04
248,66,Male,Lake Jason,2024-06-16
249,40,Male,New Jeffreyland,2021-02-01
250,61,Male,East Shelby,2023-04-18
251,68,Male,Port Patricia,2023-02-13
252,36,Female,Smithville,2023-02-18
253,46,Female,Lake Billybury,2021-03-03
254,21,Male,New Charles,2023-12-18
255,57,Female,Johnborough,2020-12-19
256,43,Male,Port Juliahaven,2022-06-27
257,18,Female,Lake Brent,2023-02-14
258,63,Female,Morganfurt,2021-07-30
259,53,Male,New Jeffreyport,2022-07-06
260,60,Male,South Katherine,2021-01-27
261,26,Male,New Victoriastad,2020-10-06
262,59,Female,South Melvin,2023-06-27
263,25,Female,North Patrickberg,2022-09-22
264,54,Male,South Sarahport,2022-08-20
265,67,Female,Amystad,2022-07-23
266,50,Female,East Barbara,2024-01-24
267,19,Male,East Alan,2021-05-18
268,40,Female,Lake Jason,2021-06-12
269,64,Female,Port David,2020-02-03
270,42,Female,West Colleenmouth,2020-11-12
271,55,Female,Catherinestad,2023-02-19
272,41,Female,Port Sarah,2023-12-09
273,64,Male,Jessicamouth,2021-07-01
274,36,Male,Whitehaven,2023-01-25
275,41,Female,Port Melissa,2020-06-10
276,44,Male,Cobbchester,2024-07-16
277,64,Male,West Christopher,2020-05-13
278,54,Female,East Katelynhaven,2021-08-11
279,57,Female,Lake Cindy,2023-05-16
280,61,Female,Port Christopherfurt,2023-05-02
281,41,Female,New Feliciahaven,2021-05-26
282,67,Male,North Stephen,2021-08-22
283,32,Female,East Patrick,2022-05-28
284,42,Male,Potterfurt,2020-04-13
285,18,Male,East Matthewport,2023-11-26
286,32,Female,Coleton,2022-05-28
287,52,Male,Vaughanhaven,2024-04-11
288,53,Male,North Brandonstad,2022-08-09
289,31,Female,New Ashley,2022-11-20
290,24,Female,Mariamouth,2022-01-27
291,55,Female,Brandonview,2020-08-24
292,52,Female,South Joseph,2023-09-18
293,33,Female,Amberside,2022-02-18
294,36,Female,West Jason,2021-12-08
295,20,Male,Elijahstad,2023-12-09
296,22,Female,Munozmouth,2023-03-20
297,40,Male,Delgadoland,2024-01-15
298,32,Female,Lewistown,2020-05-07
299,24,Male,North Brandi,2023-04-01
300,60,Male,Cindyberg,2023-08-29
301,59,Male,North James,2022-12-13
302,22,Female,Youngfort,2024-02-01
303,70,Female,Jennifertown,2024-05-05
304,33,Female,Hardymouth,2021-04-29
305,38,Male,New Joseph,2024-04-27
306,35,Male,Port Adamland,2022-11-29
307,63,Male,New Michele,2021-03-11
308,33,Female,Courtneyborough,2022-05-04
309,44,Female,Dixonbury,2023-01-17
310,66,Female,Bobside,2024-07-13
311,35,Male,West Jennifer,2020-09-25
312,20,Female,East Mary,2022-10-06
313,68,Male,East Rayberg,2022-04-30
314,34,Female,New Cynthia,2021-08-17
315,20,Female,Smithfort,2024-01-29
316,51,Male,Rogersland,2023-04-28
317,26,Male,East Karen,2020-03-23
318,29,Female,North Ian,2024-02-20
319,24,Female,Edwinberg,2020-07-10
320,28,Male,South Tammy,2020-06-08
321,63,Male,Kevinside,2022-06-26
322,47,Male,Debramouth,2023-03-06
323,34,Female,Jenkinsfurt,2021-03-07
324,42,Male,South Angelica,2021-03-07
325,29,Female,New Sarah,2023-05-21
326,33,Male,North Rhonda,2022-12-11
327,40,Female,Heidibury,2021-11-20
328,46,Female,Lake Sandra,2024-07-20
329,44,Male,Ericshire,2022-10-17
330,25,Male,Batesfort,2021-05-24
331,41,Female,Mendeztown,2023-01-02
332,27,Female,Lake Clarencefort,2020-12-11
333,54,Male,Rosefurt,2021-06-30
334,29,Female,New Amymouth,2024-10-19
335,36,Female,Ramseyfort,2021-11-11
336,23,Female,South Patricia,2021-01-31
337,45,Female,Lake Jackson,2020-08-22
338,28,Female,Roachstad,2022-03-19
339,52,Male,New Johnburgh,2021-06-01
340,50,Female,East John,2021-08-19
341,29,Female,North Cynthialand,2020-12-12
342,60,Male,Anneland,2023-11-22
343,63,Male,Harringtonberg,2020-04-28
344,31,Female,Port Albertstad,2020-07-31
345,19,Male,North Margaretburgh,2021-07-25
346,67,Male,East Annemouth,2021-07-25
347,18,Female,Rebekahfurt,2022-04-10
348,19,Male,Hamptonfurt,2020-06-12
349,51,Male,New Rachelville,2024-09-23
350,20,Male,Karenhaven,2024-06-06
351,36,Male,Port Daleview,2020-01-27
352,46,Female,Dominguezberg,2021-07-08
353,50,Male,North Thomasmouth,2024-04-13
354,64,Male,South Pamela,2022-06-26
355,60,Female,New Jamesfort,2023-06-14
356,65,Male,Port Amy,2022-12-12
357,49,Female,Lake Alan,2023-05-14
358,42,Female,Karenville,2022-07-28
359,61,Male,North Lauriebury,2023-05-19
360,66,Female,Port David,2021-06-05
361,46,Female,South Matthew,2024-08-09
362,59,Male,Juanville,2022-03-31
363,50,Female,North Joshuaside,2022-08-15
364,32,Female,South Davidchester,2021-12-24
365,38,Male,Lake Antonio,2024-08-31
366,36,Male,Port Heatherville,2024-04-26
367,58,Male,Clarkview,2024-07-04
368,18,Female,New Christopher,2022-05-19
369,29,Male,North Michaelhaven,2020-10-24
370,20,Male,Blackchester,2022-05-28
371,64,Male,Heidifort,2020-12-02
372,25,Male,Port Ashleyborough,2022-12-05
373,46,Female,West Pamtown,2023-03-21
374,25,Female,Crawfordview,2022-07-18
375,25,Female,New Elizabethfort,2024-01-01
376,60,Female,Christopherton,2022-12-21
377,66,Male,Masseyport,2022-01-13
378,57,Female,Lake Zacharyside,2023-09-16
379,30,Male,East Mary,2021-07-26
380,37,Female,Port Jane,2022-03-18
381,37,Male,East Ryanbury,2024-02-12
382,69,Male,Ronaldton,2021-06-27
383,26,Male,South Johnmouth,2022-05-16
384,41,Male,Port Jenniferburgh,2022-05-23
385,29,Female,East Drew,2023-05-15
386,65,Female,East Alyssachester,2023-11-28
387,41,Male,Lake Amanda,2023-11-26
388,37,Male,Kaneberg,2023-05-04
389,24,Female,Theresaside,2023-10-26
390,47,Female,New Aaron,2023-11-08
391,29,Male,West Robertland,2024-04-26
392,31,Female,New Aaronview,2024-06-07
393,23,Male,Lake Angelatown,2022-02-06
394,59,Female,Autumnburgh,2020-12-20
395,29,Female,Port Brianfurt,2021-11-22
396,54,Male,North Ashley,2021-10-23
397,49,Male,New Karen,2023-05-22
398,48,Male,Ericland,2022-01-27
399,50,Male,West Derek,2024-04-11
400,58,Male,East Melissafort,2021-09-09
401,21,Female,Simmonsburgh,2022-07-01
402,24,Male,Rothborough,2022-10-22
403,33,Male,North Devonville,2024-04-07
404,47,Male,Gabrielastad,2022-01-26
405,63,Male,Chapmanmouth,2024-05-27
406,60,Female,South Brianfurt,2020-09-01
407,41,Male,North Nicholas,2021-07-27
408,32,Female,Garrettstad,2024-08-03
409,22,Female,Markland,2024-09-04
410,52,Female,New Jacob,2022-01-16
411,59,Male,West Lisa,2023-10-29
412,46,Male,North Audreyborough,2020-09-10
413,27,Female,Port Steven,2024-06-23
414,67,Male,New Kyle,2020-05-09
415,35,Female,Tiffanyburgh,2022-01-17
416,50,Male,East Joseph,2023-01-27
417,51,Female,Debratown,2022-11-13
418,55,Female,Smithshire,2020-01-19
419,40,Female,Maddenburgh,2023-08-23
420,27,Male,Lake Tristanville,2021-07-10
421,31,Female,Ryanland,2024-05-09
422,28,Female,Jeremyberg,2024-06-13
423,35,Male,Michelleview,2020-08-01
424,38,Male,West Jamesstad,2022-03-19
425,69,Female,Molinastad,2021-02-16
426,27,Female,West Markview,2020-02-19
427,41,Male,Heatherhaven,2024-03-28
428,50,Female,Lake Williamville,2023-07-15
429,29,Female,Morganburgh,2023-05-05
430,54,Male,Baileychester,2021-06-19
431,58,Female,Payneville,2023-08-25
432,30,Female,East Amandaside,2021-07-27
433,40,Male,Samuelfurt,2021-02-16
434,50,Male,New Madelinechester,2023-05-05
435,34,Male,West Annette,2020-06-20
436,56,Female,West James,2020-05-31
437,30,Male,North Danafort,2023-01-15
438,29,Female,Fisherbury,2020-04-22
439,49,Male,Tammyshire,2020-10-21
440,19,Male,Charlesview,2020-04-30
441,46,Female,Stephaniefurt,2020-02-15
442,22,Male,Michaelshire,2021-07-12
443,55,Male,New Nathaniel,2023-05-06
444,41,Female,West Michaelville,2022-11-08
445,19,Male,Jonesville,2020-11-13
446,39,Female,Michaelside,2024-06-13
447,33,Female,Nicholsville,2020-02-29
448,54,Male,Ashleyburgh,2020-08-30
449,32,Male,Amybury,2020-09-26
450,24,Female,South Anna,2024-03-03
451,66,Male,New Janicemouth,2024-07-30
452,37,Female,North Anna,2023-04-17
453,27,Female,South Mary,2023-01-11
454,40,Male,East Kentstad,2024-05-11
455,55,Male,West Andrea,2021-04-24
456,40,Female,Lake Kevinmouth,2022-11-27
457,50,Female,Lake Bernard,2023-08-30
458,69,Female,North Wendyton,2021-03-05
459,24,Female,Earlfurt,2020-05-14
460,19,Female,Banksside,2023-09-07
461,32,Male,New Wendychester,2020-11-09
462,44,Female,South Tyler,2023-12-25
463,35,Female,Vincentland,2020-08-03
464,66,Male,Cuevasmouth,2022-09-13
465,30,Male,Robertbury,2022-10-06
466,64,Female,Port Paul,2023-06-22
467,58,Male,Sanchezshire,2023-08-09
468,21,Female,North Dustinhaven,2024-08-11
469,68,Male,Simmonsburgh,2023-10-11
470,49,Male,East Ashley,2020-05-16
471,54,Male,West Kathryn,2021-11-27
472,19,Female,New Jessica,2024-09-17
473,25,Female,South Jeff,2024-04-07
474,52,Male,Port Kylemouth,2023-03-13
475,58,Male,West Karenberg,2020-07-13
476,63,Male,Kristenshire,2024-05-27
477,64,Female,Amandaborough,2022-04-10
478,34,Male,Nelsonville,2021-01-26
479,51,Male,Briannamouth,2022-03-24
480,44,Female,Riosside,2024-02-01
481,37,Female,Webbland,2021-05-17
482,47,Female,North Stephen,2024-10-29
483,63,Male,Freemanland,2024-08-15
484,23,Male,Garrettside,2021-09-07
485,20,Male,Valdezburgh,2022-01-21
486,34,Male,Austinbury,2024-06-04
487,61,Female,Leeborough,2024-06-30
488,63,Female,Philiptown,2023-09-11
489,42,Female,East Gabriel,2021-01-29
490,33,Male,Port Mariahtown,2020-09-21
491,57,Male,Christopherberg,2024-02-01
492,35,Female,West Williamborough,2022-03-02
493,59,Male,North Laura,2023-06-04
494,47,Female,Port Andrewton,2024-02-16
495,43,Female,Stephanieside,2024-06-17
496,49,Female,Gordonfurt,2021-10-22
497,59,Male,Lake Brandon,2023-08-02
498,67,Female,Chadton,2022-07-08
499,60,Male,Bateston,2020-04-02
500,46,Male,Vincentland,2023-09-10
501,26,Female,Smithtown,2022-06-27
502,69,Female,New Kendra,2021-06-28
503,68,Female,Paulbury,2023-07-30
504,55,Male,Aaronborough,2023-01-30
505,28,Female,Burnsland,2023-11-10
506,64,Male,West Yvonne,2020-10-12
507,41,Male,Barretthaven,2023-06-17
508,61,Female,Lake Marc,2022-08-21
509,35,Male,North Kyle,2021-06-29
510,57,Female,West Kyle,2021-04-10
511,63,Female,North Christopherside,2024-03-23
512,62,Female,North Timothyfort,2022-11-13
513,69,Female,Lisatown,2021-06-01
514,46,Male,East William,2023-04-16
515,30,Female,West Keithmouth,2021-11-16
516,31,Male,Stephenport,2020-06-29
517,20,Male,Westborough,2020-12-15
518,70,Male,North Joshua,2024-08-22
519,59,Male,Barbaraview,2021-08-04
520,30,Male,Richardtown,2023-11-11
521,24,Male,East Eric,2021-05-09
522,56,Male,Lake Patricia,2020-10-04
523,70,Male,Lake Patricia,2023-12-08
524,52,Female,Jesustown,2022-04-26
525,32,Female,East Geraldfort,2020-12-19
526,63,Male,Lake Joseph,2020-09-24
527,18,Male,Lake Joseph,2023-10-02
528,59,Male,Joshuamouth,2022-06-03
529,31,Female,Laurieport,2022-07-12
530,27,Male,Mcdonaldburgh,2020-05-23
531,41,Female,Rogerton,2020-08-05
532,51,Male,Port Stephanie,2023-03-09
533,28,Female,Douglasport,2021-10-10
534,48,Female,Port Kevinborough,2024-05-19
535,45,Female,Elizabethtown,2024-10-05
536,21,Female,Nathanielmouth,2023-06-12
537,45,Female,New Andrea,2024-05-21
538,26,Female,Jamieland,2020-07-31
539,30,Male,Curtisshire,2023-11-02
540,68,Female,Kellyberg,2021-09-08
541,49,Female,Lake Marchaven,2021-08-08
542,50,Female,South Tonya,2022-07-16
543,55,Male,Maytown,2021-10-07
544,33,Female,Cohentown,2020-12-11
545,55,Male,North Karen,2020-06-28
546,61,Male,Port Adam,2020-07-03
547,24,Male,Prattberg,2023-10-13
548,29,Female,North Megan,2020-05-09
549,53,Male,Timothymouth,2021-01-04
550,22,Female,Robinsonchester,2021-01-12
551,68,Male,Anaport,2022-06-09
552,66,Female,West Karenburgh,2024-06-19
553,61,Male,Lake Brianberg,2020-09-21
554,40,Female,Port Heather,2020-04-29
555,30,Female,Susanview,2021-07-14
556,69,Female,Barbarahaven,2023-11-03
557,30,Female,Lake Anthonymouth,2022-03-31
558,67,Male,Thomasborough,2023-09-11
559,53,Male,Hodgefort,2024-06-28
560,70,Male,Laurahaven,2020-12-26
561,18,Female,West Richardmouth,2024-04-27
562,38,Male,Lake Donnaton,2024-08-03
563,45,Male,South Amandaborough,2024-07-28
564,37,Female,Wilsonborough,2023-01-29
565,64,Male,New Stevenview,2022-09-30
566,45,Female,South Johnfort,2023-10-22
567,19,Female,South Brandonshire,2022-09-26
568,64,Male,East Jessica,2021-03-12
569,40,Male,Lake Ericbury,2021-08-30
570,18,Female,Jeffreyhaven,2022-06-29
571,23,Male,Lake Kennethburgh,2024-05-13
572,62,Male,Stephaniechester,2022-07-15
573,59,Male,Christinatown,2021-11-10
574,23,Female,New Robertshire,2020-11-17
575,70,Female,Michellefurt,2023-09-28
576,26,Male,Carolborough,2022-08-05
577,56,Male,Oconnorstad,2021-05-14
578,36,Male,Nicoleville,2020-04-10
579,64,Male,Kristinahaven,2024-08-26
580,49,Female,Lake Selena,2024-09-17
581,30,Female,Robertston,2022-01-25
582,44,Male,New Melanieview,2023-06-13
583,69,Male,South Jeffreychester,2023-11-21
584,21,Male,Porterton,2024-03-15
585,22,Female,Parksport,2024-08-06
586,67,Male,Patrickview,2021-05-24
587,31,Female,Swansonview,2022-05-04
588,41,Female,New Anthonyport,2020-03-09
589,51,Male,Kristashire,2022-07-23
590,41,Male,North Scottfurt,2022-08-24
591,42,Female,East Charles,2024-03-18
592,58,Female,Natashachester,2021-12-18
593,27,Female,West Michaelchester,2022-10-30
594,63,Female,South Samuelmouth,2020-02-05
595,40,Female,East David,2020-11-15
596,29,Male,Smithport,2024-04-19
597,54,Male,Port Krystalbury,2023-01-01
598,44,Male,New Annabury,2023-05-01
599,61,Male,East Morgan,2020-07-03
600,26,Male,North James,2023-03-24
601,59,Male,Georgeview,2022-05-05
602,65,Female,Port Tracy,2024-07-17
603,66,Female,West Brandon,2023-04-15
604,56,Male,South Kimberlyhaven,2024-11-04
605,35,Male,Robinbury,2023-07-22
606,50,Female,Harrisfort,2021-07-29
607,21,Male,Jamesmouth,2022-04-22
608,59,Female,New Justinbury,2021-07-04
609,29,Male,Markville,2024-05-22
610,23,Female,Brianburgh,2022-06-19
611,46,Male,Port Jennifer,2024-01-18
612,28,Female,North Ryanmouth,2020-01-26
613,32,Female,North Russell,2020-07-15
614,30,Female,West Anthony,2020-10-29
615,70,Male,North Mercedesstad,2021-08-28
616,20,Female,Kellymouth,2022-06-05
617,66,Female,Georgebury,2020-01-19
618,47,Male,South Scott,2024-07-02
619,31,Female,East Charlesville,2024-01-09
620,55,Male,Janeborough,2020-12-12
621,63,Male,North Cynthiaview,2021-02-26
622,46,Male,Rodriguezmouth,2023-12-15
623,70,Female,Stephenburgh,2021-08-13
624,44,Male,Kimberlyville,2020-06-17
625,67,Male,Port Raymond,2021-08-03
626,45,Female,Lake Glentown,2023-05-15
627,56,Female,Port John,2023-03-18
628,69,Male,East Robert,2024-07-17
629,44,Male,Loganhaven,2024-08-01
630,54,Male,South Lauraborough,2021-03-28
631,56,Female,Bennettstad,2021-12-13
632,28,Female,South Roseville,2020-12-06
633,30,Male,Pattersonside,2023-10-25
634,41,Female,Collinston,2024-06-25
635,41,Male,East Adamborough,2023-01-24
636,49,Male,Sullivanfort,2024-11-05
637,24,Female,New Michaelhaven,2020-04-25
638,54,Female,Nicholasville,2024-11-03
639,63,Female,South Kellytown,2022-06-14
640,64,Female,Port Timothy,2022-03-11
641,30,Male,Lake Kathrynshire,2024-05-18
642,61,Female,South Elizabeth,2021-01-29
643,20,Male,Lake Kevin,2024-06-12
644,21,Male,Tammyport,2024-10-12
645,41,Female,Joshuamouth,2022-03-11
646,34,Male,North Michaelmouth,2020-04-24
647,56,Female,Weaverfort,2023-02-08
648,65,Female,Armstrongview,2021-08-09
649,50,Female,Laurabury,2020-02-18
650,29,Male,South Lauraview,2020-10-12
651,52,Male,Lake Michael,2023-10-23
652,34,Female,New Jameshaven,2021-05-06
653,28,Male,Stephensonside,2020-02-25
654,68,Female,Christinaburgh,2020-09-17
655,60,Female,Jenniferbury,2023-05-11
656,45,Male,South Stacey,2020-06-30
657,59,Male,North Adam,2021-03-04
658,65,Female,North Monicashire,2024-03-12
659,36,Female,Curryhaven,2022-01-08
660,62,Female,Mirandaland,2020-12-02
661,18,Male,North Lindachester,2020-05-17
662,58,Male,New Danielton,2020-03-05
663,38,Female,Andrewshire,2023-01-04
664,34,Male,Cooperside,2023-03-01
665,46,Male,Robertshire,2020-06-04
666,35,Female,Woodport,2020-01-30
667,30,Male,North Curtis,2020-02-09
668,34,Female,Jessefurt,2021-04-15
669,65,Female,Bellburgh,2024-03-04
670,21,Male,West Johnbury,2022-06-10
671,62,Female,South Jamesport,2023-07-13
672,20,Female,Williamton,2021-06-14
673,28,Male,North Beckybury,2023-08-26
674,22,Male,Port Edward,2023-07-13
675,24,Female,Lake Yolanda,2024-07-31
676,70,Female,Nathanborough,2021-06-02
677,68,Female,Port Eric,2022-02-19
678,39,Male,Walterland,2022-02-17
679,22,Female,East Dannyshire,2020-08-20
680,43,Female,West Bethanyberg,2023-08-03
681,57,Female,East Angelaview,2020-07-18
682,59,Female,East Clintonhaven,2022-05-25
683,42,Male,South Joyceberg,2023-04-21
684,47,Female,North Molly,2020-06-08
685,22,Male,Holtland,2023-02-26
686,57,Female,Jennifermouth,2024-05-10
687,37,Female,Sanchezborough,2022-01-07
688,48,Male,Toddport,2023-12-04
689,28,Female,Millerborough,2021-08-15
690,25,Male,Port Lorraine,2020-07-15
691,58,Female,South Staceytown,2023-02-12
692,36,Female,Lake Patrick,2020-09-09
693,24,Female,Port Kellyhaven,2024-09-22
694,58,Female,Greenstad,2023-10-02
695,49,Female,New Christopher,2023-11-17
696,37,Male,Jeffreyville,2021-01-22
697,36,Male,Port Juan,2023-06-10
698,48,Male,East Michaelberg,2021-09-13
699,36,Female,Lake Anthonyview,2022-08-17
700,32,Female,Francestown,2020-04-21
701,41,Male,New Charlesville,2024-05-05
702,66,Female,West Thomas,2022-11-24
703,65,Male,Dawnland,2023-11-03
704,58,Female,North Debbie,2021-08-03
705,22,Male,Kimtown,2023-07-13
706,49,Female,North Morganstad,2021-12-31
707,59,Female,Woodwardville,2022-01-01
708,63,Male,New Alexis,2022-12-17
709,32,Male,East Thomas,2022-06-16
710,61,Female,East Julie,2021-10-06
711,35,Female,Johnsonbury,2023-09-06
712,69,Female,Baileyburgh,2022-05-04
713,31,Female,Jasonview,2023-03-10
714,42,Female,Monroeborough,2022-01-27
715,20,Male,Port Stephenport,2021-08-07
716,52,Male,Shawfort,2021-04-15
717,41,Male,Hortonbury,2022-12-21
718,53,Male,South Sandra,2021-04-23
719,43,Male,New Kristinchester,2024-05-18
720,68,Male,Jasonburgh,2023-10-29
721,28,Male,Wolfeport,2023-01-25
722,45,Female,Port Nicole,2021-05-12
723,41,Female,East Tracyborough,2021-11-23
724,38,Male,Port Manuelfurt,2024-10-22
725,43,Female,Sarahview,2021-09-14
726,51,Female,Garciabury,2020-05-22
727,51,Female,Moralesfort,2024-03-13
728,28,Female,Miguelland,2024-04-30
729,53,Female,New Brandystad,2024-01-20
730,62,Male,South Hollyside,2023-08-19
731,55,Male,South Kaylamouth,2023-06-28
732,69,Male,North Katelynside,2021-07-02
733,70,Male,Port Sean,2022-12-22
734,19,Female,West Robert,2023-07-04
735,50,Male,West Sethchester,2020-09-02
736,60,Female,South Rachel,2022-03-29
737,62,Male,Laneberg,2024-10-04
738,54,Female,Port Rachelberg,2024-04-04
739,41,Female,Pottsview,2021-08-01
740,68,Male,South Jordan,2023-08-11
741,63,Male,New Laura,2023-08-31
742,60,Male,Lake Mark,2024-05-01
743,68,Female,Lisamouth,2020-08-22
744,52,Male,Michaelborough,2024-05-03
745,63,Male,South Samuelview,2020-08-05
746,64,Female,South Tina,2021-08-18
747,53,Female,West Feliciaport,2020-04-14
748,27,Female,West Charlesmouth,2024-08-01
749,37,Female,New Katherine,2023-01-20
750,69,Female,Lake Brandon,2022-11-28
751,49,Female,Phillipburgh,2023-04-09
752,59,Male,Melissamouth,2021-08-15
753,49,Female,Lake Felicia,2024-09-07
754,66,Female,Estesmouth,2022-08-29
755,24,Male,Christinastad,2022-06-04
756,28,Female,Bakermouth,2021-09-21
757,23,Male,Lake Sara,2023-06-18
758,46,Male,Port Kendrabury,2024-07-04
759,24,Female,Padillaside,2024-02-15
760,23,Male,Lake Chrisport,2021-06-27
761,21,Male,Gonzalezhaven,2022-07-24
762,62,Male,Fletcherstad,2022-01-09
763,22,Female,Maldonadofurt,2020-10-09
764,63,Female,Gonzalezfurt,2021-01-21
765,20,Female,West Jerrytown,2024-10-09
766,31,Female,East Debra,2024-10-24
767,54,Female,West Aliciaport,2022-07-06
768,47,Female,Millerchester,2021-01-15
769,69,Male,Willisview,2021-04-27
770,46,Male,Lake Arthur,2020-04-30
771,46,Female,New Lindsey,2023-02-25
772,52,Male,Gibbsburgh,2022-04-29
773,30,Female,Shortside,2021-07-05
774,48,Male,Sandraburgh,2022-06-09
775,38,Male,Harristown,2023-04-13
776,53,Female,Christopherhaven,2021-12-16
777,62,Male,Ellisonmouth,2023-10-22
778,45,Female,East Nicoleside,2023-09-29
779,58,Male,Juliehaven,2021-10-05
780,70,Male,New Rebeccahaven,2023-08-22
781,23,Female,East Jessica,2020-11-26
782,46,Female,Thomasland,2021-01-25
783,69,Male,East Nicholashaven,2023-09-14
784,35,Female,Vanessaview,2023-04-06
785,58,Female,South Jefferymouth,2023-02-21
786,40,Male,Gillton,2024-05-25
787,61,Female,Loweryburgh,2023-10-20
788,69,Female,East Donna,2023-07-08
789,30,Female,Port Richardton,2021-03-02
790,61,Female,North Tyronebury,2024-08-08
791,68,Male,Matthewview,2021-05-06
792,63,Female,Kristinton,2023-03-23
793,46,Female,Taylorchester,2024-11-02
794,43,Female,West Kevinchester,2022-05-23
795,42,Female,Port Carol,2024-09-27
796,62,Female,Jamieville,2021-08-11
797,42,Female,Rogersstad,2020-08-23
798,50,Male,Martinbury,2024-10-09
799,68,Male,East Gina,2021-06-06
800,53,Male,Chavezton,2024-03-21
801,41,Male,Mirandaberg,2024-09-28
802,56,Female,West Patricia,2021-12-06
803,32,Female,Bellland,2022-01-06
804,65,Female,Lake Monica,2023-08-01
805,58,Female,North Dakotashire,2021-04-07
806,63,Male,Andersonmouth,2024-05-07
807,52,Female,Kellymouth,2024-06-21
808,70,Female,Matthewborough,2022-03-24
809,68,Female,Kristenburgh,2024-06-23
810,51,Male,Phillipsborough,2022-09-08
811,56,Male,Port Jeffreyside,2020-10-14
812,32,Female,South Michael,2022-08-12
813,23,Female,New Billyhaven,2024-06-07
814,38,Female,New Toddmouth,2022-07-13
815,39,Male,Ortegastad,2022-08-26
816,65,Female,Freemanfort,2020-06-29
817,48,Male,Lake Deborah,2021-11-18
818,69,Female,Brianbury,2021-11-20
819,24,Male,Jamesfurt,2023-09-23
820,40,Female,Emilybury,2024-09-01
821,66,Male,South Abigailville,2021-06-05
822,40,Male,Harveybury,2021-02-05
823,34,Male,Oliverbury,2022-10-07
824,64,Female,New Samuel,2021-08-15
825,22,Female,North Saramouth,2022-08-25
826,37,Male,South Loriborough,2022-09-29
827,49,Female,North Jennifer,2022-04-12
828,22,Female,Andreview,2022-02-03
829,66,Female,South Annhaven,2022-08-01
830,20,Male,Anthonystad,2023-01-03
831,61,Female,Karenchester,2023-12-14
832,66,Male,Lake Waynebury,2020-09-29
833,33,Female,Gallaghershire,2024-01-24
834,37,Female,Sherrymouth,2021-02-20
835,38,Female,Lake Carolyn,2021-07-03
836,62,Male,North Michelleview,2024-10-13
837,50,Female,Barryside,2021-08-24
838,60,Female,Blackland,2024-01-02
839,37,Male,Edwinfort,2023-10-19
840,40,Male,Jacobsview,2024-01-23
841,70,Female,West Shannonborough,2022-05-17
842,56,Female,Heathershire,2022-06-06
843,44,Male,Elizabethview,2021-07-30
844,57,Male,New Krystalton,2022-06-15
845,46,Male,Longfort,2021-06-13
846,51,Male,East Priscillahaven,2024-05-14
847,45,Female,New Taylorport,2021-06-29
848,37,Female,Patelfurt,2024-03-02
849,21,Male,Shepherdshire,2022-01-30
850,62,Male,North Ryan,2024-04-22
851,56,Male,Denisebury,2023-06-03
852,48,Male,Josephbury,2021-08-11
853,51,Male,West Jamie,2022-01-14
854,51,Female,Simmonsfort,2023-04-30
855,44,Male,Joneshaven,2022-08-11
856,56,Female,Dianafurt,2023-09-22
857,22,Female,Kristybury,2023-12-06
858,61,Female,Lake Tamara,2020-08-04
859,62,Female,North Matthew,2022-02-19
860,47,Male,Manningville,2024-09-23
861,58,Female,Villaville,2024-09-24
862,43,Male,North Scottmouth,2021-10-27
863,64,Male,South Erichaven,2022-10-11
864,70,Male,North Brett,2020-09-18
865,31,Female,South Jessicaburgh,2023-04-08
866,33,Female,Lake Raymondberg,2023-06-09
867,52,Male,Lloydfort,2020-09-05
868,48,Male,Youngburgh,2021-09-22
869,38,Female,Reedstad,2021-09-21
870,19,Female,South Nicholas,2021-08-31
871,38,Male,Lawsonmouth,2022-06-16
872,48,Female,South Monicabury,2020-01-01
873,27,Female,Emilyview,2022-05-01
874,30,Male,Simpsonburgh,2023-09-08
875,45,Female,North Theresahaven,2022-04-10
876,43,Male,Fordland,2020-04-29
877,28,Male,Brentbury,2020-03-31
878,37,Male,Cohenmouth,2021-10-31
879,53,Female,Gregfurt,2022-03-28
880,69,Male,Josebury,2022-09-25
881,64,Male,Simpsonburgh,2022-02-08
882,39,Female,Amandafort,2022-06-18
883,19,Male,Andersonborough,2021-02-14
884,49,Male,West Laura,2020-11-16
885,54,Male,North Chrisport,2023-04-20
886,48,Female,North Emilychester,2024-10-21
887,68,Male,Longmouth,2023-11-26
888,63,Male,Davidshire,2022-05-01
889,33,Female,Sheltonfort,2022-09-14
890,42,Female,Port Jeffrey,2022-05-05
891,44,Male,North Aprilmouth,2022-01-06
892,45,Male,Taylorshire,2023-10-23
893,64,Female,New Stephanieview,2020-03-10
894,57,Male,Lake Ernest,2021-12-20
895,61,Female,West Alisonfurt,2023-07-22
896,62,Male,Davidview,2023-04-01
897,21,Male,Port Sharon,2023-07-03
898,63,Female,Donaldsonmouth,2022-07-09
899,67,Male,East Monicaport,2021-05-06
900,62,Male,East Justinside,2020-06-29
901,63,Female,Warnerberg,2022-01-04
902,24,Male,Youngmouth,2024-05-12
903,29,Female,Evanport,2023-02-25
904,22,Female,North Glenville,2021-11-17
905,22,Male,Lake Garystad,2020-06-06
906,26,Male,East Darrell,2020-06-05
907,30,Male,Susanchester,2022-03-12
908,54,Female,Klineport,2022-06-02
909,55,Male,Ellisonburgh,2022-05-16
910,57,Male,Martineztown,2021-08-08
911,58,Male,Levineside,2022-01-16
912,20,Male,Wardburgh,2020-02-06
913,37,Male,South Chad,2023-06-11
914,26,Female,West Danny,2020-03-17
915,34,Male,East Kimberlybury,2020-02-10
916,64,Male,Christophertown,2024-02-07
917,69,Female,Greenstad,2020-06-19
918,54,Male,Millerview,2021-12-30
919,36,Female,East Jasonborough,2023-10-18
920,36,Female,Bakerville,2022-01-06
921,46,Female,Masonstad,2022-09-08
922,54,Female,Joneston,2020-12-28
923,25,Female,South Alexandra,2021-10-26
924,64,Female,East Lisaville,2021-08-16
925,45,Male,Lake Kim,2022-12-02
926,32,Male,Reeveschester,2024-04-26
927,30,Female,West Regina,2021-12-11
928,49,Male,Tonyaberg,2020-07-27
929,19,Male,Bethstad,2024-07-08
930,40,Male,New Dennis,2020-10-02
931,68,Female,Holmesland,2020-11-11
932,55,Female,Paulamouth,2024-07-17
933,49,Female,South Davidfurt,2024-01-18
934,41,Male,Stephenbury,2020-04-03
935,69,Male,Tiffanyview,2020-10-28
936,27,Male,East Garymouth,2020-07-07
937,19,Female,Cliffordstad,2023-05-01
938,27,Male,Tylerview,2020-06-21
939,30,Male,North David,2021-11-27
940,49,Female,Christinetown,2024-02-01
941,40,Female,East Terri,2023-01-07
942,67,Female,South Nicholas,2023-10-27
943,48,Male,Benjaminbury,2023-02-26
944,34,Female,Baileyshire,2023-07-12
945,26,Male,Lake Glendaborough,2021-05-23
946,65,Male,Lake Jesse,2020-02-23
947,21,Male,East Angelamouth,2023-01-08
948,46,Female,Dawnland,2023-02-03
949,24,Female,Lake Matthewton,2022-01-21
950,27,Male,Caldwellberg,2022-01-12
951,51,Female,Knightside,2023-11-27
952,67,Male,Reynoldsshire,2020-10-08
953,30,Male,East Christopher,2020-07-18
954,28,Male,New Christopher,2024-03-18
955,51,Female,South Kelly,2020-07-25
956,54,Male,Lake Dylan,2021-11-28
957,32,Male,Popeport,2022-06-17
958,23,Male,Christopherhaven,2021-04-06
959,21,Female,South Karen,2023-03-26
960,50,Male,Port Christopher,2023-11-06
961,25,Male,Glovermouth,2021-10-20
962,33,Male,Rodriguezton,2020-08-10
963,33,Male,Jessicachester,2023-02-09
964,21,Female,North Matthewhaven,2020-06-01
965,67,Male,Victoriaburgh,2022-01-16
966,30,Female,Clarkside,2023-03-08
967,21,Male,Lisafort,2022-10-17
968,19,Female,Smithberg,2023-06-21
969,31,Female,South Robertchester,2020-02-08
970,60,Female,Jennychester,2022-08-07
971,68,Male,Rosarioton,2023-09-10
972,55,Female,Suttonmouth,2023-05-19
973,67,Female,Lake Samantha,2021-12-10
974,59,Female,Colleenside,2023-05-29
975,48,Female,East Stephen,2021-02-18
976,23,Female,South Sarah,2024-02-12
977,53,Female,South Barbaramouth,2020-01-10
978,19,Male,North Tamarabury,2023-11-06
979,20,Female,South Oliviaton,2020-04-28
980,36,Male,Welchfort,2020-12-26
981,45,Male,Lake Ronald,2020-06-26
982,68,Male,South Janet,2022-05-09
983,32,Female,Doyleport,2023-09-15
984,57,Male,South Patrickton,2020-07-05
985,41,Female,Rosstown,2024-01-11
986,37,Male,South Brianchester,2024-09-03
987,59,Female,New Kim,2021-12-29
988,61,Female,Lake Stephenchester,2023-02-12
989,37,Male,Leefort,2022-05-27
990,56,Female,East Jacobview,2020-07-01
991,63,Male,New Carly,2021-05-09
992,63,Female,Courtneystad,2020-04-15
993,52,Female,Haynesshire,2022-05-28
994,29,Male,East Jamesshire,2022-11-18
995,28,Female,New Michael,2024-08-14
996,67,Male,Alisonchester,2024-02-19
997,31,Male,Port Aaron,2022-08-14
998,21,Female,Gonzalezville,2023-08-13
999,62,Female,Stephenhaven,2021-11-20
1000,18,Female,Weavermouth,2020-10-29
