datetime,market,pnl,user,baseAssetAmount,quoteAssetAmountAfter,quoteEntryAmount,settlePrice,txSig,slot,ts,marketIndex,explanation,programId
Fri 01 Nov 2024 00:02:15 GMT,TIA-PERP,-20.26164,FeF9rQN7kE3HS4ASGzVtu52NvphnjR6gzYuYnnCCjcUU,510.0,-2475.49869,-2715.24,4.853919,2mJAKVYL3vvYLewaDZAVdrrxg1krzwVukCJiTMbHfpMcR76nXDxr72JB3k5jmCWaGSEwm7By1PYUDjoGoB8VmTDk,298810505,1730419335,19,none,dRiftyHA39MWEi3m9aunc5MzRF1JYuBsbn6VPcn33UH
Fri 01 Nov 2024 00:06:16 GMT,AVAX-PERP,-9.955406,FeF9rQN7kE3HS4ASGzVtu52NvphnjR6gzYuYnnCCjcUU,103.5,-2590.573536,-2739.3542,25.029696,4aDjL4pt6TjGnLZ9oHLnGFTwAvXVsqxawQdkpCvLqAEyDTEv74AUdkenjyfXkZaHXJHmYk8c1eae5865vxUEnBxz,298811009,1730419576,22,none,dRiftyHA39MWEi3m9aunc5MzRF1JYuBsbn6VPcn33UH
Fri 01 Nov 2024 00:26:33 GMT,TIA-PERP,-20.67744,FeF9rQN7kE3HS4ASGzVtu52NvphnjR6gzYuYnnCCjcUU,510.0,-2454.82125,-2715.24,4.813375,4uLYxbdsT3ERxXJSauqYNsq6ekJKPkK12KtY266dCB848mGTz2CCi958MkKd3hwQY4gVHWKkhbcopY4i86YpoSnR,298813550,1730420793,19,none,dRiftyHA39MWEi3m9aunc5MzRF1JYuBsbn6VPcn33UH
Fri 01 Nov 2024 01:05:43 GMT,AVAX-PERP,-15.161146,FeF9rQN7kE3HS4ASGzVtu52NvphnjR6gzYuYnnCCjcUU,103.5,-2575.595947,-2739.3542,24.884985,2tGjKF8ZoSjLWuwKx4y6F47487hgKfmid6ws1jNfNsgHpTVhZp9ZRmEKmfnq47MeWj9qWghQyB4tUEwe4U6AiLqc,298818433,1730423143,22,none,dRiftyHA39MWEi3m9aunc5MzRF1JYuBsbn6VPcn33UH
Fri 01 Nov 2024 01:38:35 GMT,RENDER-PERP,-5.616486,FeF9rQN7kE3HS4ASGzVtu52NvphnjR6gzYuYnnCCjcUU,450.0,-2143.45305,-2350.728221,4.763229,n6aj9k5BHKhf9PhfYYk1MVVxMLZjC9cgnLLtgWh7QQAGsR1cLrEaH6GzYH47MK5FhGuPJQUEkHd7r1Uf54LMQMG,298822566,1730425115,12,none,dRiftyHA39MWEi3m9aunc5MzRF1JYuBsbn6VPcn33UH
Fri 01 Nov 2024 01:41:18 GMT,TIA-PERP,12.340556,FeF9rQN7kE3HS4ASGzVtu52NvphnjR6gzYuYnnCCjcUU,510.0,-2467.19181,-2715.24,4.837631,2DT8ywcGhY7q74VQcLTnfBuggKcATU7JnnQn6fPNcBQR2D9koFf2XSPXDYvjcfCRtcX6SBJ73nmhaRYRt3TPhdzh,298822906,1730425278,19,none,dRiftyHA39MWEi3m9aunc5MzRF1JYuBsbn6VPcn33UH
Fri 01 Nov 2024 02:16:30 GMT,AVAX-PERP,-20.579733,FeF9rQN7kE3HS4ASGzVtu52NvphnjR6gzYuYnnCCjcUU,103.5,-2555.207896,-2739.3542,24.687999,4SQkKjT6LEqXhJ3iorbzUsQpa9dSbvn5MW54jJuKaH8oW7jbX2QDeEjJNWcKGKYioNx9K8L8c4FWnj9ZfeLhSe2L,298827417,1730427390,22,none,dRiftyHA39MWEi3m9aunc5MzRF1JYuBsbn6VPcn33UH
Fri 01 Nov 2024 02:19:22 GMT,RENDER-PERP,-14.504456,FeF9rQN7kE3HS4ASGzVtu52NvphnjR6gzYuYnnCCjcUU,450.0,-2129.29605,-2350.728221,4.731769,2oukP3StRp5oSU2rj4pkNXucF2woTF95bfVbK7oB8ymDz6k5gcgzz5wT91mVJUXjdjDFH1GmGqcbgXGUsLKjsJhf,298827787,1730427562,12,none,dRiftyHA39MWEi3m9aunc5MzRF1JYuBsbn6VPcn33UH
Fri 01 Nov 2024 02:30:39 GMT,AVAX-PERP,18.657738,FeF9rQN7kE3HS4ASGzVtu52NvphnjR6gzYuYnnCCjcUU,103.5,-2573.865634,-2739.3542,24.868267,Bn1FDpHzDMHivtAq3povuM22gu9Bvqk5tKF3jr4eEgs2VyVipTYM5hwpefktG6u2mSmJE9kirKzHVHTm6MACg3D,298829216,1730428239,22,none,dRiftyHA39MWEi3m9aunc5MzRF1JYuBsbn6VPcn33UH
Fri 01 Nov 2024 02:50:29 GMT,TIA-PERP,16.503473,FeF9rQN7kE3HS4ASGzVtu52NvphnjR6gzYuYnnCCjcUU,510.0,-2483.72703,-2715.24,4.870053,62qPoRHEUiE2z4pSmUMefLan4dDB3oCt3sJLa7Lxhwrieb13XQo9QhamzqATxvVjjX24bzaEaW42GnCZQVcsZcjS,298831781,1730429429,19,none,dRiftyHA39MWEi3m9aunc5MzRF1JYuBsbn6VPcn33UH
Fri 01 Nov 2024 02:55:11 GMT,TIA-PERP,8.60778,FeF9rQN7kE3HS4ASGzVtu52NvphnjR6gzYuYnnCCjcUU,510.0,-2492.33481,-2715.24,4.886931,3UboGHMDnNg4ahYDPbVtTCmZoZAKvhqJiJ2QcC7qY6K2eyLQv2UZ32Vm7xHc4LPqKoQ18csCMAvuEAcG9Z5UrAkt,298832403,1730429711,19,none,dRiftyHA39MWEi3m9aunc5MzRF1JYuBsbn6VPcn33UH
Fri 01 Nov 2024 03:10:20 GMT,RENDER-PERP,16.722844,FeF9rQN7kE3HS4ASGzVtu52NvphnjR6gzYuYnnCCjcUU,450.0,-2146.3857,-2350.728221,4.769746,2UdWv5AYKfR6LX6SytUXjhpj3avaqN3ZtQifaZogHz7nVuy4jXiAX6yLrBpa6aikuJUdLtiVmSszL8Tg3s2r1kpe,298834399,1730430620,12,none,dRiftyHA39MWEi3m9aunc5MzRF1JYuBsbn6VPcn33UH
Fri 01 Nov 2024 03:40:20 GMT,TIA-PERP,-19.180122,FeF9rQN7kE3HS4ASGzVtu52NvphnjR6gzYuYnnCCjcUU,510.0,-2473.1889,-2715.24,4.84939,2XqFE9cQhg3FTJsLKUzZPzhuBF4b8XEko1LTiC4N3WeRJKUBtqWfnMQcc5Re5ATgcRCQ3qqX8rw3ojQfp5X9JiuT,298838256,1730432420,19,none,dRiftyHA39MWEi3m9aunc5MzRF1JYuBsbn6VPcn33UH
Fri 01 Nov 2024 04:23:56 GMT,SOL-PERP,-24.708011,FeF9rQN7kE3HS4ASGzVtu52NvphnjR6gzYuYnnCCjcUU,2.7,-451.064916,-415.8,167.06108,UgKBhQ52cT9QYxCA4jWvdeuG86TgxgcVM46AtiM21nLuZffjimHZqnzXAfpS6FBYThNMjPXn28UUQFUTAYUg7NE,298843793,1730435036,0,none,dRiftyHA39MWEi3m9aunc5MzRF1JYuBsbn6VPcn33UH
Fri 01 Nov 2024 04:59:04 GMT,TIA-PERP,15.596906,FeF9rQN7kE3HS4ASGzVtu52NvphnjR6gzYuYnnCCjcUU,510.0,-2488.81632,-2715.24,4.880032,4yzjwqGTgEubsatsfnxcmrHuMJU2EZKHiCQbPa9GXihkHjsSPtfnXac836MzDmgH3HShEzJFNvT5qK7zhWm3ZRpf,298848298,1730437144,19,none,dRiftyHA39MWEi3m9aunc5MzRF1JYuBsbn6VPcn33UH
Fri 01 Nov 2024 05:29:07 GMT,TIA-PERP,-18.176102,FeF9rQN7kE3HS4ASGzVtu52NvphnjR6gzYuYnnCCjcUU,510.0,-2470.6746,-2715.24,4.84446,2QVAG85JPY3wbjcNEeGVSDt9wq1bPZteUrEyiMcy8ccpUYB4AiUso9iYHCqt6U2LQQkntU9hJaTFQhJeu1KsPGzv,298852277,1730438947,19,none,dRiftyHA39MWEi3m9aunc5MzRF1JYuBsbn6VPcn33UH
Fri 01 Nov 2024 06:11:27 GMT,RENDER-PERP,-26.469618,FeF9rQN7kE3HS4ASGzVtu52NvphnjR6gzYuYnnCCjcUU,450.0,-2120.985,-2350.728221,4.7133,BHEqh3W5eMsab8JDjwbm6Gd2QrGWnh1yVWny8z6FVZt7GhFP1qMmp2FNVdYRveF6vyDmJgTfxPHt9TWJYafFiyb,298857876,1730441487,12,none,dRiftyHA39MWEi3m9aunc5MzRF1JYuBsbn6VPcn33UH
Fri 01 Nov 2024 06:16:51 GMT,AVAX-PERP,-18.622828,FeF9rQN7kE3HS4ASGzVtu52NvphnjR6gzYuYnnCCjcUU,103.5,-2556.136084,-2739.3542,24.696967,66wUWcch7TUYb5ad1uDNFBM1FnvuSiBPK8X8Lnpma7cgssrHgTXVhp97q6d4cTe1RNY5DWpo89VTDwBE5CcGKDqX,298858591,1730441811,22,none,dRiftyHA39MWEi3m9aunc5MzRF1JYuBsbn6VPcn33UH
Fri 01 Nov 2024 06:19:20 GMT,TIA-PERP,-20.413748,FeF9rQN7kE3HS4ASGzVtu52NvphnjR6gzYuYnnCCjcUU,510.0,-2450.29245,-2715.24,4.804495,4FLSCW3KyBmPTqFA3heDCcPuvF8hzYVqmJnsnvoQhYYWm3uXrnLnJpAzBkY13ZKy6srHEXDnVsDwQyYFeDYY4wvm,298858916,1730441960,19,none,dRiftyHA39MWEi3m9aunc5MzRF1JYuBsbn6VPcn33UH
Fri 01 Nov 2024 06:29:24 GMT,TIA-PERP,24.06027,FeF9rQN7kE3HS4ASGzVtu52NvphnjR6gzYuYnnCCjcUU,510.0,-2474.35272,-2715.24,4.851672,4GdhGnD6BsG3YBmV54gdksByjPwwF8T8cPLmFUbZ5DPmAtyAqqEonRcrzH42ihzPXRDUVJtvQvZfeByGFhCVUuki,298860246,1730442564,19,none,dRiftyHA39MWEi3m9aunc5MzRF1JYuBsbn6VPcn33UH
Fri 01 Nov 2024 06:44:25 GMT,TIA-PERP,-17.4114,FeF9rQN7kE3HS4ASGzVtu52NvphnjR6gzYuYnnCCjcUU,510.0,-2456.94132,-2715.24,4.817532,3R3aTJ6jxVodsYp5RCdkcJyp7oY2xemWPctKdXnt5v98TZ5XfRp6u2AuXnq5h7fUK6Xaq71jJMS91YZ8BPTRPTMb,298862229,1730443465,19,none,dRiftyHA39MWEi3m9aunc5MzRF1JYuBsbn6VPcn33UH
Fri 01 Nov 2024 06:59:41 GMT,AVAX-PERP,-17.818974,FeF9rQN7kE3HS4ASGzVtu52NvphnjR6gzYuYnnCCjcUU,103.5,-2538.31711,-2739.3542,24.524803,3pfErEaKrJ7onjfhb4UQUK6rP5qfuLstY3WdFXcJD2p55VTjmWbfBc6k8dVw8y5hxh1SZaxog2ekALACoWNb1vzg,298864252,1730444381,22,none,dRiftyHA39MWEi3m9aunc5MzRF1JYuBsbn6VPcn33UH
Fri 01 Nov 2024 07:09:54 GMT,TIA-PERP,-25.017964,FeF9rQN7kE3HS4ASGzVtu52NvphnjR6gzYuYnnCCjcUU,510.0,-2431.95642,-2715.24,4.768542,5FwLSXrRjRuLaUT5wDxc9KKDFW8zdwgiB8bkXJAF6Sdu3Y83Nb5ooo8kW1H6fUkQsAU3aEuGsHuqVBCeaehEzsLs,298865623,1730444994,19,none,dRiftyHA39MWEi3m9aunc5MzRF1JYuBsbn6VPcn33UH
Fri 01 Nov 2024 07:17:44 GMT,OP-PERP,-14.392202,FeF9rQN7kE3HS4ASGzVtu52NvphnjR6gzYuYnnCCjcUU,300.0,-472.8186,-516.0,1.576062,4SGJtrBAVnTUPZGttM6WT62udZHLAwE9vCCsKDqRmYAcf7jKWtzCMR58vN3i4HnAbf1j8bPChw3GUmDEKrhZLZKy,298866658,1730445464,11,none,dRiftyHA39MWEi3m9aunc5MzRF1JYuBsbn6VPcn33UH
Fri 01 Nov 2024 07:17:46 GMT,RENDER-PERP,-13.073868,FeF9rQN7kE3HS4ASGzVtu52NvphnjR6gzYuYnnCCjcUU,450.0,-2108.205,-2350.728221,4.6849,4zfzsqDXKALDkoqAZzAmXj2z79CrMrGZP7L3a4WidXRGQcLFctq9UEaUYc6NeFRqNMa2MiHWmh8M4RHzgzq6wDkZ,298866664,1730445466,12,none,dRiftyHA39MWEi3m9aunc5MzRF1JYuBsbn6VPcn33UH
Fri 01 Nov 2024 07:39:22 GMT,TIA-PERP,-13.90515,FeF9rQN7kE3HS4ASGzVtu52NvphnjR6gzYuYnnCCjcUU,510.0,-2418.05127,-2715.24,4.741277,5jvvFEJpqEAVzKVghHcvj81RK9pTiuVRoSqWAz4YPWt4UG182kiBi1Uit3K5kk4hji6eoZ248H8fJ1iS8caZ1W1P,298869517,1730446762,19,none,dRiftyHA39MWEi3m9aunc5MzRF1JYuBsbn6VPcn33UH
Fri 01 Nov 2024 07:44:23 GMT,TIA-PERP,-11.29446,FeF9rQN7kE3HS4ASGzVtu52NvphnjR6gzYuYnnCCjcUU,510.0,-2406.75681,-2715.24,4.719131,63nskX7MwiCxHA3cYZTBDNGyUjpPrBj59YjhkLsWFfvs85YSz4bK8F2vVjGBkiFQ8Fc4ViTGmLaQWiyTUMj4gUF2,298870196,1730447063,19,none,dRiftyHA39MWEi3m9aunc5MzRF1JYuBsbn6VPcn33UH
Fri 01 Nov 2024 07:59:57 GMT,TIA-PERP,-17.45985,FeF9rQN7kE3HS4ASGzVtu52NvphnjR6gzYuYnnCCjcUU,510.0,-2389.29696,-2715.24,4.684896,42GpZdpZ1aTvAWv4QwjY71cYxtqDHQvUG3r8atuvTUujAANR6R8JGr6Gmfe5WmMZ33BbzZoXYNbturaWy4NfCxUq,298872258,1730447997,19,none,dRiftyHA39MWEi3m9aunc5MzRF1JYuBsbn6VPcn33UH
Fri 01 Nov 2024 08:14:57 GMT,AVAX-PERP,22.203123,FeF9rQN7kE3HS4ASGzVtu52NvphnjR6gzYuYnnCCjcUU,103.5,-2560.955355,-2739.3542,24.74353,4qyiKfq3kjRoNxnM7zkuqDybWWjate3SvJXFWoipDiXkcD3Zn2jYe7iqUdEiPHLGK4d7MuKfFDC71k3M7446SEBY,298874272,1730448897,22,none,dRiftyHA39MWEi3m9aunc5MzRF1JYuBsbn6VPcn33UH
Fri 01 Nov 2024 08:19:21 GMT,RENDER-PERP,16.639857,FeF9rQN7kE3HS4ASGzVtu52NvphnjR6gzYuYnnCCjcUU,450.0,-2124.97425,-2350.728221,4.722165,2s472Pu6RcwZHSsD57WDfzgfQBwxVZphnvpDan9t6jbwr8JN3zGLbga54BxNfmscH5TaMqSG5vFvXD8i2KdUJ25X,298874858,1730449161,12,none,dRiftyHA39MWEi3m9aunc5MzRF1JYuBsbn6VPcn33UH
Fri 01 Nov 2024 08:44:37 GMT,TIA-PERP,20.970606,FeF9rQN7kE3HS4ASGzVtu52NvphnjR6gzYuYnnCCjcUU,510.0,-2410.3212,-2715.24,4.72612,3Df6EMhY7RjymSUuwiy3eA1fyEDGw1vrthqxjPbTx8yQ7fCPDBwu6q8684U8UomHpUN5nUSEZ4yFd9t7qY8tqaxd,298878204,1730450677,19,none,dRiftyHA39MWEi3m9aunc5MzRF1JYuBsbn6VPcn33UH
Fri 01 Nov 2024 09:20:23 GMT,AVAX-PERP,14.042708,FeF9rQN7kE3HS4ASGzVtu52NvphnjR6gzYuYnnCCjcUU,103.5,-2575.23939,-2739.3542,24.88154,1D5JGcn1MWU2RK9WUmLbKft7o8zZBZu351CGzW3JXfw228exKFw1n9c7zAwpC8dtKkmJ9XYT9RN1hHK2A31x4Y2,298882877,1730452823,22,none,dRiftyHA39MWEi3m9aunc5MzRF1JYuBsbn6VPcn33UH
Fri 01 Nov 2024 09:29:26 GMT,TIA-PERP,16.002972,FeF9rQN7kE3HS4ASGzVtu52NvphnjR6gzYuYnnCCjcUU,510.0,-2426.41476,-2715.24,4.757676,3gLDQC6HewE4zWrQaarzYZdhLdV4KT8EUBw9vwdQL5TWFChZpbQcvb9TC1z5Y7L75Z4j1LoTVdvCHSfxxhindnYe,298884045,1730453366,19,none,dRiftyHA39MWEi3m9aunc5MzRF1JYuBsbn6VPcn33UH
Fri 01 Nov 2024 10:21:15 GMT,RENDER-PERP,20.017613,FeF9rQN7kE3HS4ASGzVtu52NvphnjR6gzYuYnnCCjcUU,450.0,-2145.1203,-2350.728221,4.766934,3maJiQERmSAK87v9xD2totQ7LmyEBxchrvVtyeFy59v8QhuJ8ej55VzuizHNw56tnQ2Uy6tMeVKHuK5dpRszaohE,298890877,1730456475,12,none,dRiftyHA39MWEi3m9aunc5MzRF1JYuBsbn6VPcn33UH
Fri 01 Nov 2024 10:26:49 GMT,TIA-PERP,14.898992,FeF9rQN7kE3HS4ASGzVtu52NvphnjR6gzYuYnnCCjcUU,510.0,-2441.40876,-2715.24,4.787076,2DArS7TKV7T1QddT5QN8Dsv7M1oUtcSiGAYsobqgaMPr2JE1h9xYJdg2mekgnccT9BBMgWvPnftY2XXJWxuiHN6b,298891606,1730456809,19,none,dRiftyHA39MWEi3m9aunc5MzRF1JYuBsbn6VPcn33UH
Fri 01 Nov 2024 10:26:52 GMT,AVAX-PERP,17.360452,FeF9rQN7kE3HS4ASGzVtu52NvphnjR6gzYuYnnCCjcUU,103.5,-2592.846913,-2739.3542,25.051661,484Htw2BJHxwv671YrwozJqyDpK4pzJd7iBxhKVJe2wPziicYSvTSCDLDaEctcpYZQgqjEgecqh4axF4gGvbtaz2,298891613,1730456812,22,none,dRiftyHA39MWEi3m9aunc5MzRF1JYuBsbn6VPcn33UH
Fri 01 Nov 2024 10:44:35 GMT,TIA-PERP,-9.47376,FeF9rQN7kE3HS4ASGzVtu52NvphnjR6gzYuYnnCCjcUU,510.0,-2431.935,-2715.24,4.7685,2fr5FyHrAKQ97iHos7FepBBAdttYefHPxqpFdv6GBfzqMsGLJqigJDCwwFC8N2CaULa3r4jYSrrdKECC68Ti6T7n,298893906,1730457875,19,none,dRiftyHA39MWEi3m9aunc5MzRF1JYuBsbn6VPcn33UH
Fri 01 Nov 2024 10:54:42 GMT,TIA-PERP,22.94949,FeF9rQN7kE3HS4ASGzVtu52NvphnjR6gzYuYnnCCjcUU,510.0,-2454.88449,-2715.24,4.813499,2EgYJw6taYQqFQ2ATjpRWnjmDjV4zptgxXoRNwSihZooyJ3d9NhHsgy4HhXASFC4CmmQqrFVDiUrphhQ6CkwmwTt,298895223,1730458482,19,none,dRiftyHA39MWEi3m9aunc5MzRF1JYuBsbn6VPcn33UH
Fri 01 Nov 2024 11:09:46 GMT,TIA-PERP,-21.227666,FeF9rQN7kE3HS4ASGzVtu52NvphnjR6gzYuYnnCCjcUU,510.0,-2433.74856,-2715.24,4.772056,5uyLtz3xxHpm2CQ2uzuw19omrtmMwxxns9wDvHeeEn7H4xP4vXCJBWciznzL9cSWcHgNXyqEG9xcsKCrTTjtXPUm,298897228,1730459386,19,none,dRiftyHA39MWEi3m9aunc5MzRF1JYuBsbn6VPcn33UH
Fri 01 Nov 2024 12:15:02 GMT,TIA-PERP,23.369985,FeF9rQN7kE3HS4ASGzVtu52NvphnjR6gzYuYnnCCjcUU,510.0,-2457.19377,-2715.24,4.818027,wMNuHcKQDtwhWwaRkX5EFPefAuJmFr5qB9hZUzzvezKqGeDhqgLHvfymMhW5Y4HfBTTm2k99BU3HxkRqCh38eg4,298905584,1730463302,19,none,dRiftyHA39MWEi3m9aunc5MzRF1JYuBsbn6VPcn33UH
Fri 01 Nov 2024 12:16:18 GMT,RENDER-PERP,13.102182,FeF9rQN7kE3HS4ASGzVtu52NvphnjR6gzYuYnnCCjcUU,450.0,-2158.27155,-2350.728221,4.796159,2zT8PwQQSu66xPG3jCZYMeUDjxahsy5y7cKQJonVNB14SgeuXzj5tfwyqxwzvLogPZk5dRegHUvEnKNuR8LstzQU,298905747,1730463378,12,none,dRiftyHA39MWEi3m9aunc5MzRF1JYuBsbn6VPcn33UH
Fri 01 Nov 2024 12:16:24 GMT,AVAX-PERP,16.374973,FeF9rQN7kE3HS4ASGzVtu52NvphnjR6gzYuYnnCCjcUU,103.5,-2609.701785,-2739.3542,25.21451,q3Qnx9bGT7T5rNFjQmq259NBYn8TKdJfMFaPQz3TKAqwG4NmoGWS1VTUpm2Dbhxtq4imvuC4ihtbAdjTqUYPu3B,298905760,1730463384,22,none,dRiftyHA39MWEi3m9aunc5MzRF1JYuBsbn6VPcn33UH
Fri 01 Nov 2024 12:50:09 GMT,RENDER-PERP,16.4538,FeF9rQN7kE3HS4ASGzVtu52NvphnjR6gzYuYnnCCjcUU,450.0,-2174.72535,-2350.728221,4.832723,4qa9PuWSaHtc3uXg8FBFPmTfwqZXuu41xGDrP1Yp9fe8ZyjmeTq9hYdfko1KrHjzVk2ZGraoT5Sh1PDYXM7tFiKL,298910086,1730465409,12,none,dRiftyHA39MWEi3m9aunc5MzRF1JYuBsbn6VPcn33UH
Fri 01 Nov 2024 12:52:21 GMT,AVAX-PERP,11.692705,FeF9rQN7kE3HS4ASGzVtu52NvphnjR6gzYuYnnCCjcUU,103.5,-2621.39449,-2739.3542,25.327483,66UFTsHrg8anWtZ76FHjhWxuSzeM8TaixHe9QSBmUtDXuBGZuKnRfoMGhgzARhqsGQN52ZfesqMcyd742Y45zVkD,298910375,1730465541,22,none,dRiftyHA39MWEi3m9aunc5MzRF1JYuBsbn6VPcn33UH
Fri 01 Nov 2024 13:03:01 GMT,TIA-PERP,-23.468627,FeF9rQN7kE3HS4ASGzVtu52NvphnjR6gzYuYnnCCjcUU,510.0,-2433.80772,-2715.24,4.772172,4Noxi4emL4MxT3261ZsYFKpHP9utZ1AAVvSE9cDRCKVRXvSiHZt3KzQXxAxH5quMyYzp11GNN89Ma63dcK2f5SJA,298911733,1730466181,19,none,dRiftyHA39MWEi3m9aunc5MzRF1JYuBsbn6VPcn33UH
Fri 01 Nov 2024 13:41:18 GMT,SOL-PERP,11.389978,FeF9rQN7kE3HS4ASGzVtu52NvphnjR6gzYuYnnCCjcUU,2.7,-462.554658,-415.8,171.31654,5ajUbgbiHoqz7vmz42WMTZBhbc75TmsTDFPEPgTCAPCjMSfUgrPPv3fdVtnU5tV9wsERfv7PV7QyQ5jH1aJDRRB4,298916646,1730468478,0,none,dRiftyHA39MWEi3m9aunc5MzRF1JYuBsbn6VPcn33UH
Fri 01 Nov 2024 13:41:18 GMT,TIA-PERP,20.09043,FeF9rQN7kE3HS4ASGzVtu52NvphnjR6gzYuYnnCCjcUU,510.0,-2453.89815,-2715.24,4.811565,5ajUbgbiHoqz7vmz42WMTZBhbc75TmsTDFPEPgTCAPCjMSfUgrPPv3fdVtnU5tV9wsERfv7PV7QyQ5jH1aJDRRB4,298916646,1730468478,19,none,dRiftyHA39MWEi3m9aunc5MzRF1JYuBsbn6VPcn33UH
Fri 01 Nov 2024 13:41:18 GMT,AVAX-PERP,17.34222,FeF9rQN7kE3HS4ASGzVtu52NvphnjR6gzYuYnnCCjcUU,103.5,-2638.984005,-2739.3542,25.49743,5ajUbgbiHoqz7vmz42WMTZBhbc75TmsTDFPEPgTCAPCjMSfUgrPPv3fdVtnU5tV9wsERfv7PV7QyQ5jH1aJDRRB4,298916646,1730468478,22,none,dRiftyHA39MWEi3m9aunc5MzRF1JYuBsbn6VPcn33UH
Fri 01 Nov 2024 13:41:18 GMT,RENDER-PERP,28.033425,FeF9rQN7kE3HS4ASGzVtu52NvphnjR6gzYuYnnCCjcUU,450.0,-2202.7761,-2350.728221,4.895058,5ajUbgbiHoqz7vmz42WMTZBhbc75TmsTDFPEPgTCAPCjMSfUgrPPv3fdVtnU5tV9wsERfv7PV7QyQ5jH1aJDRRB4,298916646,1730468478,12,none,dRiftyHA39MWEi3m9aunc5MzRF1JYuBsbn6VPcn33UH
Fri 01 Nov 2024 13:41:18 GMT,ETH-PERP,0.053781,FeF9rQN7kE3HS4ASGzVtu52NvphnjR6gzYuYnnCCjcUU,0.2,-511.225223,-510.0,2556.126115,5ajUbgbiHoqz7vmz42WMTZBhbc75TmsTDFPEPgTCAPCjMSfUgrPPv3fdVtnU5tV9wsERfv7PV7QyQ5jH1aJDRRB4,298916646,1730468478,2,none,dRiftyHA39MWEi3m9aunc5MzRF1JYuBsbn6VPcn33UH
Fri 01 Nov 2024 13:41:18 GMT,OP-PERP,15.785151,FeF9rQN7kE3HS4ASGzVtu52NvphnjR6gzYuYnnCCjcUU,300.0,-488.6163,-516.0,1.628721,5ajUbgbiHoqz7vmz42WMTZBhbc75TmsTDFPEPgTCAPCjMSfUgrPPv3fdVtnU5tV9wsERfv7PV7QyQ5jH1aJDRRB4,298916646,1730468478,11,none,dRiftyHA39MWEi3m9aunc5MzRF1JYuBsbn6VPcn33UH
Fri 01 Nov 2024 13:41:18 GMT,SEI-PERP,13.112601,FeF9rQN7kE3HS4ASGzVtu52NvphnjR6gzYuYnnCCjcUU,0.0,0.0,0.0,0.400122,5ajUbgbiHoqz7vmz42WMTZBhbc75TmsTDFPEPgTCAPCjMSfUgrPPv3fdVtnU5tV9wsERfv7PV7QyQ5jH1aJDRRB4,298916646,1730468478,21,none,dRiftyHA39MWEi3m9aunc5MzRF1JYuBsbn6VPcn33UH
Fri 01 Nov 2024 13:52:47 GMT,TIA-PERP,19.99659,FeF9rQN7kE3HS4ASGzVtu52NvphnjR6gzYuYnnCCjcUU,510.0,-2473.89474,-2715.24,4.850774,4eWwjQ65AxgkhTtMExnuj6gPdgpoN3aFw3ZnNgYNjttPHx3rbnJkb1XSTRsAeFfhV9CsKtd2MJTKG7bz6sA7TAb4,298918133,1730469167,19,none,dRiftyHA39MWEi3m9aunc5MzRF1JYuBsbn6VPcn33UH
Fri 01 Nov 2024 14:07:08 GMT,RENDER-PERP,21.570001,FeF9rQN7kE3HS4ASGzVtu52NvphnjR6gzYuYnnCCjcUU,450.0,-2224.36305,-2350.728221,4.943029,rbXe7ndwh6sJXWbxEPu53CaRq4JLRUT8Q8UCB5DkiNA6CUYHkTmY7w3XEerUPMNpw8T7gHWD8DAkKdBVL2ruZqJ,298919987,1730470028,12,none,dRiftyHA39MWEi3m9aunc5MzRF1JYuBsbn6VPcn33UH
Fri 01 Nov 2024 14:09:08 GMT,TIA-PERP,-15.707893,FeF9rQN7kE3HS4ASGzVtu52NvphnjR6gzYuYnnCCjcUU,510.0,-2458.27956,-2715.24,4.820156,5tAru9eJX9nYXTVBf56Yw8tat5EToQq91hDZHQDQ4Jsc8NshPyGTwznMeWES1EePWWuBCwTyhYYPYozHVVBJc9PY,298920239,1730470148,19,none,dRiftyHA39MWEi3m9aunc5MzRF1JYuBsbn6VPcn33UH
Fri 01 Nov 2024 14:20:20 GMT,AVAX-PERP,19.885438,FeF9rQN7kE3HS4ASGzVtu52NvphnjR6gzYuYnnCCjcUU,103.5,-2659.091674,-2739.3542,25.691707,5h9hXgjXt14dSK64majebgfKtLARcBQEzazGFaDVpUF9vWXZd8dsYoSf75mJ4akdfdEycjjZAuKh1epuMhwe2Vbh,298921680,1730470820,22,none,dRiftyHA39MWEi3m9aunc5MzRF1JYuBsbn6VPcn33UH
Fri 01 Nov 2024 14:21:17 GMT,TIA-PERP,-21.11451,FeF9rQN7kE3HS4ASGzVtu52NvphnjR6gzYuYnnCCjcUU,510.0,-2437.16505,-2715.24,4.778755,gcUEmKWnSaVryPm9sgwQFL94zf2RQM9KTqNihQ71R67ThG6q8rtH8QKYDKjqJyLz2qVmGqzgUDad5iiCZfXwyot,298921801,1730470877,19,none,"dRiftyHA39MWEi3m9aunc5MzRF1JYuBsbn6VPcn33UH
"
Fri 01 Nov 2024 14:34:53 GMT,RENDER-PERP,-8.4024,FeF9rQN7kE3HS4ASGzVtu52NvphnjR6gzYuYnnCCjcUU,450.0,-2215.96065,-2350.728221,4.924357,2GEHq1DfWS9L2JKhqdLvYyg3dUxY5h7Mi4GEoKdwDMukcxC48HxKTjHhVxZnJ8vpwd3BKkjpVo6CDNnfMpnUNdYW,298923571,1730471693,12,none,dRiftyHA39MWEi3m9aunc5MzRF1JYuBsbn6VPcn33UH
Fri 01 Nov 2024 14:36:51 GMT,AVAX-PERP,-16.409407,FeF9rQN7kE3HS4ASGzVtu52NvphnjR6gzYuYnnCCjcUU,103.5,-2642.682267,-2739.3542,25.533162,2Nw1ksANQVttZ2LKkse7mNQCCRaMTeWgFfgZLR5VSZ9kE7weUgMckadu8sMGNpVGR7RrmPyctqWdwFj3GUtGPi4G,298923822,1730471811,22,none,dRiftyHA39MWEi3m9aunc5MzRF1JYuBsbn6VPcn33UH
Fri 01 Nov 2024 14:48:33 GMT,RENDER-PERP,-15.23565,FeF9rQN7kE3HS4ASGzVtu52NvphnjR6gzYuYnnCCjcUU,450.0,-2200.725,-2350.728221,4.8905,617ogESnGJ9BUUDEsTYsvXjSwSGVzDShB3PnyzULAuzWAotafguJgZuxWirYXA4tMtDXnvb6dbjwnChb2cJe28xx,298925344,1730472513,12,none,dRiftyHA39MWEi3m9aunc5MzRF1JYuBsbn6VPcn33UH
Fri 01 Nov 2024 14:55:31 GMT,TIA-PERP,-21.82188,FeF9rQN7kE3HS4ASGzVtu52NvphnjR6gzYuYnnCCjcUU,510.0,-2415.34317,-2715.24,4.735967,24XRoSdPkTgqWfRKW8pTjfn9E5CurH1QozLpAd9yEYv8mBHqaQw3pUUtL81ZEbLttaBc1yzBBEayDaJLBz3jvpPF,298926250,1730472931,19,none,dRiftyHA39MWEi3m9aunc5MzRF1JYuBsbn6VPcn33UH